model,model_label,seed,environment_steps,eval_episode_reward
native_mlp_w480_240_120,MLP-C,11,0,0.0015007836045697331
native_mlp_w480_240_120,MLP-C,11,22937600,18.536209106445312
native_mlp_w480_240_120,MLP-C,11,45875200,20.207416534423828
native_mlp_w480_240_120,MLP-C,11,68812800,25.307533264160156
native_mlp_w480_240_120,MLP-C,11,91750400,26.592819213867188
native_mlp_w480_240_120,MLP-C,11,114688000,26.976552963256836
native_mlp_w480_240_120,MLP-C,11,137625600,27.795963287353516
native_mlp_w480_240_120,MLP-C,11,160563200,27.758190155029297
native_mlp_w480_240_120,MLP-C,11,183500800,27.66109275817871
native_mlp_w480_240_120,MLP-C,11,206438400,27.445096969604492
native_mlp_w480_240_120,MLP-C,11,229376000,28.209712982177734
native_mlp_w480_240_120,MLP-C,11,252313600,27.97890281677246
native_mlp_w480_240_120,MLP-C,11,275251200,28.229286193847656
native_mlp_w480_240_120,MLP-C,11,298188800,28.51768684387207
native_mlp_w480_240_120,MLP-C,11,321126400,28.31295394897461
native_mlp_w480_240_120,MLP-C,11,344064000,28.521316528320312
native_mlp_w480_240_120,MLP-C,11,367001600,28.174583435058594
native_mlp_w480_240_120,MLP-C,11,389939200,28.875308990478516
native_mlp_w480_240_120,MLP-C,11,412876800,28.738094329833984
native_mlp_w480_240_120,MLP-C,12,0,0.001951051875948906
native_mlp_w480_240_120,MLP-C,12,22937600,18.43622589111328
native_mlp_w480_240_120,MLP-C,12,45875200,19.863849639892578
native_mlp_w480_240_120,MLP-C,12,68812800,24.32406234741211
native_mlp_w480_240_120,MLP-C,12,91750400,26.998260498046875
native_mlp_w480_240_120,MLP-C,12,114688000,27.251510620117188
native_mlp_w480_240_120,MLP-C,12,137625600,27.683303833007812
native_mlp_w480_240_120,MLP-C,12,160563200,28.183971405029297
native_mlp_w480_240_120,MLP-C,12,183500800,28.17816162109375
native_mlp_w480_240_120,MLP-C,12,206438400,28.346105575561523
native_mlp_w480_240_120,MLP-C,12,229376000,28.11770248413086
native_mlp_w480_240_120,MLP-C,12,252313600,28.18545150756836
native_mlp_w480_240_120,MLP-C,12,275251200,28.80075454711914
native_mlp_w480_240_120,MLP-C,12,298188800,28.62567901611328
native_mlp_w480_240_120,MLP-C,12,321126400,28.464405059814453
native_mlp_w480_240_120,MLP-C,12,344064000,28.765193939208984
native_mlp_w480_240_120,MLP-C,12,367001600,28.394439697265625
native_mlp_w480_240_120,MLP-C,12,389939200,28.59828758239746
native_mlp_w480_240_120,MLP-C,12,412876800,28.740373611450195
native_mlp_w480_240_120,MLP-C,13,0,0.001294521614909172
native_mlp_w480_240_120,MLP-C,13,22937600,18.38286590576172
native_mlp_w480_240_120,MLP-C,13,45875200,18.972763061523438
native_mlp_w480_240_120,MLP-C,13,68812800,24.846412658691406
native_mlp_w480_240_120,MLP-C,13,91750400,26.516441345214844
native_mlp_w480_240_120,MLP-C,13,114688000,27.080005645751953
native_mlp_w480_240_120,MLP-C,13,137625600,27.847667694091797
native_mlp_w480_240_120,MLP-C,13,160563200,27.795381546020508
native_mlp_w480_240_120,MLP-C,13,183500800,27.91278839111328
native_mlp_w480_240_120,MLP-C,13,206438400,27.876495361328125
native_mlp_w480_240_120,MLP-C,13,229376000,27.953712463378906
native_mlp_w480_240_120,MLP-C,13,252313600,28.603879928588867
native_mlp_w480_240_120,MLP-C,13,275251200,27.990642547607422
native_mlp_w480_240_120,MLP-C,13,298188800,28.93872833251953
native_mlp_w480_240_120,MLP-C,13,321126400,28.404415130615234
native_mlp_w480_240_120,MLP-C,13,344064000,28.677532196044922
native_mlp_w480_240_120,MLP-C,13,367001600,28.628353118896484
native_mlp_w480_240_120,MLP-C,13,389939200,28.818805694580078
native_mlp_w480_240_120,MLP-C,13,412876800,28.739423751831055
pointwise_w252,MLP-D,11,0,0.0025993469171226025
pointwise_w252,MLP-D,11,22937600,14.050688743591309
pointwise_w252,MLP-D,11,45875200,18.826156616210938
pointwise_w252,MLP-D,11,68812800,20.349491119384766
pointwise_w252,MLP-D,11,91750400,21.186195373535156
pointwise_w252,MLP-D,11,114688000,21.326053619384766
pointwise_w252,MLP-D,11,137625600,22.914594650268555
pointwise_w252,MLP-D,11,160563200,23.892433166503906
pointwise_w252,MLP-D,11,183500800,23.93523406982422
pointwise_w252,MLP-D,11,206438400,23.541217803955078
pointwise_w252,MLP-D,11,229376000,25.145092010498047
pointwise_w252,MLP-D,11,252313600,25.389453887939453
pointwise_w252,MLP-D,11,275251200,24.42795753479004
pointwise_w252,MLP-D,11,298188800,25.421730041503906
pointwise_w252,MLP-D,11,321126400,24.75733184814453
pointwise_w252,MLP-D,11,344064000,25.021869659423828
pointwise_w252,MLP-D,11,367001600,25.187808990478516
pointwise_w252,MLP-D,11,389939200,26.179580688476562
pointwise_w252,MLP-D,11,412876800,25.899301528930664
pointwise_w252,MLP-D,12,0,0.0025587063282728195
pointwise_w252,MLP-D,12,22937600,14.201522827148438
pointwise_w252,MLP-D,12,45875200,19.665454864501953
pointwise_w252,MLP-D,12,68812800,19.848073959350586
pointwise_w252,MLP-D,12,91750400,22.004398345947266
pointwise_w252,MLP-D,12,114688000,23.183177947998047
pointwise_w252,MLP-D,12,137625600,24.38454246520996
pointwise_w252,MLP-D,12,160563200,24.41088104248047
pointwise_w252,MLP-D,12,183500800,24.3030948638916
pointwise_w252,MLP-D,12,206438400,25.551490783691406
pointwise_w252,MLP-D,12,229376000,24.607967376708984
pointwise_w252,MLP-D,12,252313600,24.769996643066406
pointwise_w252,MLP-D,12,275251200,25.237627029418945
pointwise_w252,MLP-D,12,298188800,25.35157012939453
pointwise_w252,MLP-D,12,321126400,25.23190689086914
pointwise_w252,MLP-D,12,344064000,25.84903335571289
pointwise_w252,MLP-D,12,367001600,25.063251495361328
pointwise_w252,MLP-D,12,389939200,24.86267852783203
pointwise_w252,MLP-D,12,412876800,25.649425506591797
pointwise_w252,MLP-D,13,0,0.001973637379705906
pointwise_w252,MLP-D,13,22937600,13.766189575195312
pointwise_w252,MLP-D,13,45875200,17.68852996826172
pointwise_w252,MLP-D,13,68812800,17.541038513183594
pointwise_w252,MLP-D,13,91750400,19.951366424560547
pointwise_w252,MLP-D,13,114688000,20.241191864013672
pointwise_w252,MLP-D,13,137625600,21.16651725769043
pointwise_w252,MLP-D,13,160563200,23.09283447265625
pointwise_w252,MLP-D,13,183500800,23.702733993530273
pointwise_w252,MLP-D,13,206438400,24.047534942626953
pointwise_w252,MLP-D,13,229376000,23.39859390258789
pointwise_w252,MLP-D,13,252313600,24.164554595947266
pointwise_w252,MLP-D,13,275251200,24.364795684814453
pointwise_w252,MLP-D,13,298188800,25.283571243286133
pointwise_w252,MLP-D,13,321126400,23.851348876953125
pointwise_w252,MLP-D,13,344064000,25.16553497314453
pointwise_w252,MLP-D,13,367001600,25.40682601928711
pointwise_w252,MLP-D,13,389939200,25.375974655151367
pointwise_w252,MLP-D,13,412876800,25.35544776916504
gcn_w1107,GCN,11,0,0.0019091269932687283
gcn_w1107,GCN,11,22937600,3.7565245628356934
gcn_w1107,GCN,11,45875200,16.393543243408203
gcn_w1107,GCN,11,68812800,16.70540428161621
gcn_w1107,GCN,11,91750400,16.231645584106445
gcn_w1107,GCN,11,114688000,16.838520050048828
gcn_w1107,GCN,11,137625600,17.11025047302246
gcn_w1107,GCN,11,160563200,17.130226135253906
gcn_w1107,GCN,11,183500800,17.25965690612793
gcn_w1107,GCN,11,206438400,16.718429565429688
gcn_w1107,GCN,11,229376000,18.096065521240234
gcn_w1107,GCN,11,252313600,17.170076370239258
gcn_w1107,GCN,11,275251200,17.47321319580078
gcn_w1107,GCN,11,298188800,17.98580551147461
gcn_w1107,GCN,11,321126400,17.31338882446289
gcn_w1107,GCN,11,344064000,18.08574676513672
gcn_w1107,GCN,11,367001600,17.82646369934082
gcn_w1107,GCN,11,389939200,18.32740020751953
gcn_w1107,GCN,11,412876800,18.99788475036621
gcn_w1107,GCN,12,0,0.0018567705992609262
gcn_w1107,GCN,12,22937600,10.506909370422363
gcn_w1107,GCN,12,45875200,16.302711486816406
gcn_w1107,GCN,12,68812800,16.924457550048828
gcn_w1107,GCN,12,91750400,16.831701278686523
gcn_w1107,GCN,12,114688000,17.67705726623535
gcn_w1107,GCN,12,137625600,17.972537994384766
gcn_w1107,GCN,12,160563200,18.37012481689453
gcn_w1107,GCN,12,183500800,17.202388763427734
gcn_w1107,GCN,12,206438400,18.07762908935547
gcn_w1107,GCN,12,229376000,17.297019958496094
gcn_w1107,GCN,12,252313600,17.33249282836914
gcn_w1107,GCN,12,275251200,18.07355499267578
gcn_w1107,GCN,12,298188800,17.737537384033203
gcn_w1107,GCN,12,321126400,17.447338104248047
gcn_w1107,GCN,12,344064000,17.570058822631836
gcn_w1107,GCN,12,367001600,16.840208053588867
gcn_w1107,GCN,12,389939200,17.48098373413086
gcn_w1107,GCN,12,412876800,17.446130752563477
gcn_w1107,GCN,13,0,0.0008280050242319703
gcn_w1107,GCN,13,22937600,9.099491119384766
gcn_w1107,GCN,13,45875200,16.932031631469727
gcn_w1107,GCN,13,68812800,16.31058120727539
gcn_w1107,GCN,13,91750400,17.4599609375
gcn_w1107,GCN,13,114688000,17.454002380371094
gcn_w1107,GCN,13,137625600,17.721694946289062
gcn_w1107,GCN,13,160563200,17.29925537109375
gcn_w1107,GCN,13,183500800,17.664161682128906
gcn_w1107,GCN,13,206438400,17.100744247436523
gcn_w1107,GCN,13,229376000,17.019853591918945
gcn_w1107,GCN,13,252313600,17.372901916503906
gcn_w1107,GCN,13,275251200,16.995256423950195
gcn_w1107,GCN,13,298188800,18.240028381347656
gcn_w1107,GCN,13,321126400,17.03289794921875
gcn_w1107,GCN,13,344064000,17.686349868774414
gcn_w1107,GCN,13,367001600,18.193695068359375
gcn_w1107,GCN,13,389939200,18.22018814086914
gcn_w1107,GCN,13,412876800,18.0394229888916
multirank_hodge_lower_w177,Hodge-L,11,0,0.00024232262512668967
multirank_hodge_lower_w177,Hodge-L,11,22937600,15.917152404785156
multirank_hodge_lower_w177,Hodge-L,11,45875200,18.627490997314453
multirank_hodge_lower_w177,Hodge-L,11,68812800,20.594158172607422
multirank_hodge_lower_w177,Hodge-L,11,91750400,21.633224487304688
multirank_hodge_lower_w177,Hodge-L,11,114688000,23.22808074951172
multirank_hodge_lower_w177,Hodge-L,11,137625600,24.531585693359375
multirank_hodge_lower_w177,Hodge-L,11,160563200,25.67230224609375
multirank_hodge_lower_w177,Hodge-L,11,183500800,25.480796813964844
multirank_hodge_lower_w177,Hodge-L,11,206438400,25.388286590576172
multirank_hodge_lower_w177,Hodge-L,11,229376000,26.20170783996582
multirank_hodge_lower_w177,Hodge-L,11,252313600,26.15816307067871
multirank_hodge_lower_w177,Hodge-L,11,275251200,25.97390365600586
multirank_hodge_lower_w177,Hodge-L,11,298188800,26.564773559570312
multirank_hodge_lower_w177,Hodge-L,11,321126400,26.266578674316406
multirank_hodge_lower_w177,Hodge-L,11,344064000,26.27178192138672
multirank_hodge_lower_w177,Hodge-L,11,367001600,26.832012176513672
multirank_hodge_lower_w177,Hodge-L,11,389939200,26.892318725585938
multirank_hodge_lower_w177,Hodge-L,11,412876800,26.958574295043945
multirank_hodge_lower_w177,Hodge-L,12,0,0.0004340886080171913
multirank_hodge_lower_w177,Hodge-L,12,22937600,9.157093048095703
multirank_hodge_lower_w177,Hodge-L,12,45875200,20.188886642456055
multirank_hodge_lower_w177,Hodge-L,12,68812800,21.747264862060547
multirank_hodge_lower_w177,Hodge-L,12,91750400,23.89065170288086
multirank_hodge_lower_w177,Hodge-L,12,114688000,24.974445343017578
multirank_hodge_lower_w177,Hodge-L,12,137625600,25.277626037597656
multirank_hodge_lower_w177,Hodge-L,12,160563200,26.00957489013672
multirank_hodge_lower_w177,Hodge-L,12,183500800,25.32053565979004
multirank_hodge_lower_w177,Hodge-L,12,206438400,25.757648468017578
multirank_hodge_lower_w177,Hodge-L,12,229376000,26.13872528076172
multirank_hodge_lower_w177,Hodge-L,12,252313600,25.999433517456055
multirank_hodge_lower_w177,Hodge-L,12,275251200,26.55583953857422
multirank_hodge_lower_w177,Hodge-L,12,298188800,26.501190185546875
multirank_hodge_lower_w177,Hodge-L,12,321126400,26.304603576660156
multirank_hodge_lower_w177,Hodge-L,12,344064000,26.853071212768555
multirank_hodge_lower_w177,Hodge-L,12,367001600,26.344017028808594
multirank_hodge_lower_w177,Hodge-L,12,389939200,26.772958755493164
multirank_hodge_lower_w177,Hodge-L,12,412876800,26.422103881835938
multirank_hodge_lower_w177,Hodge-L,13,0,5.105058335175272e-06
multirank_hodge_lower_w177,Hodge-L,13,22937600,10.591358184814453
multirank_hodge_lower_w177,Hodge-L,13,45875200,17.68238639831543
multirank_hodge_lower_w177,Hodge-L,13,68812800,19.587308883666992
multirank_hodge_lower_w177,Hodge-L,13,91750400,21.93515396118164
multirank_hodge_lower_w177,Hodge-L,13,114688000,23.2374267578125
multirank_hodge_lower_w177,Hodge-L,13,137625600,24.398983001708984
multirank_hodge_lower_w177,Hodge-L,13,160563200,24.483291625976562
multirank_hodge_lower_w177,Hodge-L,13,183500800,25.036531448364258
multirank_hodge_lower_w177,Hodge-L,13,206438400,25.352584838867188
multirank_hodge_lower_w177,Hodge-L,13,229376000,25.301067352294922
multirank_hodge_lower_w177,Hodge-L,13,252313600,26.29656410217285
multirank_hodge_lower_w177,Hodge-L,13,275251200,25.83605194091797
multirank_hodge_lower_w177,Hodge-L,13,298188800,26.479801177978516
multirank_hodge_lower_w177,Hodge-L,13,321126400,25.619972229003906
multirank_hodge_lower_w177,Hodge-L,13,344064000,26.527236938476562
multirank_hodge_lower_w177,Hodge-L,13,367001600,26.208335876464844
multirank_hodge_lower_w177,Hodge-L,13,389939200,26.705364227294922
multirank_hodge_lower_w177,Hodge-L,13,412876800,26.847259521484375
multirank_hodge_full_w150,Hodge-F,11,0,0.0
multirank_hodge_full_w150,Hodge-F,11,22937600,14.086105346679688
multirank_hodge_full_w150,Hodge-F,11,45875200,20.93698501586914
multirank_hodge_full_w150,Hodge-F,11,68812800,23.25592803955078
multirank_hodge_full_w150,Hodge-F,11,91750400,24.17592430114746
multirank_hodge_full_w150,Hodge-F,11,114688000,24.75247573852539
multirank_hodge_full_w150,Hodge-F,11,137625600,25.35710334777832
multirank_hodge_full_w150,Hodge-F,11,160563200,25.495826721191406
multirank_hodge_full_w150,Hodge-F,11,183500800,25.353567123413086
multirank_hodge_full_w150,Hodge-F,11,206438400,25.27083969116211
multirank_hodge_full_w150,Hodge-F,11,229376000,25.676422119140625
multirank_hodge_full_w150,Hodge-F,11,252313600,25.547651290893555
multirank_hodge_full_w150,Hodge-F,11,275251200,25.50533103942871
multirank_hodge_full_w150,Hodge-F,11,298188800,26.333614349365234
multirank_hodge_full_w150,Hodge-F,11,321126400,25.686433792114258
multirank_hodge_full_w150,Hodge-F,11,344064000,26.069467544555664
multirank_hodge_full_w150,Hodge-F,11,367001600,26.52863311767578
multirank_hodge_full_w150,Hodge-F,11,389939200,26.732900619506836
multirank_hodge_full_w150,Hodge-F,11,412876800,26.67089080810547
multirank_hodge_full_w150,Hodge-F,12,0,0.00040682527469471097
multirank_hodge_full_w150,Hodge-F,12,22937600,4.585598468780518
multirank_hodge_full_w150,Hodge-F,12,45875200,18.017715454101562
multirank_hodge_full_w150,Hodge-F,12,68812800,21.12972640991211
multirank_hodge_full_w150,Hodge-F,12,91750400,23.46796417236328
multirank_hodge_full_w150,Hodge-F,12,114688000,24.92181968688965
multirank_hodge_full_w150,Hodge-F,12,137625600,25.53154754638672
multirank_hodge_full_w150,Hodge-F,12,160563200,25.373310089111328
multirank_hodge_full_w150,Hodge-F,12,183500800,25.685266494750977
multirank_hodge_full_w150,Hodge-F,12,206438400,25.98419189453125
multirank_hodge_full_w150,Hodge-F,12,229376000,26.032535552978516
multirank_hodge_full_w150,Hodge-F,12,252313600,25.743858337402344
multirank_hodge_full_w150,Hodge-F,12,275251200,26.559961318969727
multirank_hodge_full_w150,Hodge-F,12,298188800,26.74589729309082
multirank_hodge_full_w150,Hodge-F,12,321126400,26.227157592773438
multirank_hodge_full_w150,Hodge-F,12,344064000,26.6522216796875
multirank_hodge_full_w150,Hodge-F,12,367001600,26.57352066040039
multirank_hodge_full_w150,Hodge-F,12,389939200,26.509294509887695
multirank_hodge_full_w150,Hodge-F,12,412876800,26.804988861083984
multirank_hodge_full_w150,Hodge-F,13,0,0.00011698959860950708
multirank_hodge_full_w150,Hodge-F,13,22937600,7.99561882019043
multirank_hodge_full_w150,Hodge-F,13,45875200,18.174457550048828
multirank_hodge_full_w150,Hodge-F,13,68812800,20.77515411376953
multirank_hodge_full_w150,Hodge-F,13,91750400,22.06662368774414
multirank_hodge_full_w150,Hodge-F,13,114688000,23.761287689208984
multirank_hodge_full_w150,Hodge-F,13,137625600,24.9619140625
multirank_hodge_full_w150,Hodge-F,13,160563200,25.027629852294922
multirank_hodge_full_w150,Hodge-F,13,183500800,25.782913208007812
multirank_hodge_full_w150,Hodge-F,13,206438400,26.194229125976562
multirank_hodge_full_w150,Hodge-F,13,229376000,26.255386352539062
multirank_hodge_full_w150,Hodge-F,13,252313600,27.09127426147461
multirank_hodge_full_w150,Hodge-F,13,275251200,26.467063903808594
multirank_hodge_full_w150,Hodge-F,13,298188800,27.25627899169922
multirank_hodge_full_w150,Hodge-F,13,321126400,27.07741928100586
multirank_hodge_full_w150,Hodge-F,13,344064000,27.38408851623535
multirank_hodge_full_w150,Hodge-F,13,367001600,27.41915512084961
multirank_hodge_full_w150,Hodge-F,13,389939200,27.73780632019043
multirank_hodge_full_w150,Hodge-F,13,412876800,27.412317276000977
